{
    "columns": [
        "clf_p25",
        "clf_p50_skip"
    ],
    "ecuts": {},
    "pcuts": {
        "clf_p25": 0.6808785529715762,
        "clf_p50_skip": 0.4160206718346253
    }
}