input_compound_id,input_assay_id,standard_qualifier,standard_value
CID01,AID0,=,0.9612403100775194
CID01,AID0,=,0.9612403100775194
CID03,AID0,=,0.5142118863049095
CID05,AID0,=,0.9147286821705426
CID09,AID0,=,0.8656330749354005
CID07,AID0,=,0.8294573643410853
CID00,AID0,=,0.8682170542635659
CID08,AID0,=,0.4883720930232558
CID10,AID0,=,0.6020671834625323
CID06,AID0,=,0.524547803617571
CID02,AID0,=,0.8552971576227391
CID04,AID0,=,0.7286821705426356
