{
    "main": {
        "roc_auc_score": 0.8583622685185185,
        "precision_score": 0.9473684210526315,
        "recall_score": 0.375,
        "tp": 18,
        "tn": 143,
        "fp": 1,
        "fn": 30,
        "y_true": [
            1,
            0,
            0,
            0,
            0,
            0,
            0,
            0,
            0,
            0,
            0,
            0,
            0,
            0,
            1,
            1,
            0,
            1,
            0,
            0,
            0,
            0,
            0,
            1,
            1,
            0,
            0,
            0,
            0,
            0,
            0,
            0,
            1,
            0,
            0,
            0,
            0,
            1,
            1,
            0,
            0,
            0,
            0,
            0,
            0,
            1,
            0,
            0,
            0,
            0,
            0,
            0,
            0,
            0,
            0,
            0,
            0,
            0,
            0,
            1,
            0,
            1,
            1,
            0,
            1,
            1,
            1,
            0,
            1,
            0,
            0,
            1,
            0,
            0,
            0,
            1,
            0,
            1,
            0,
            1,
            0,
            0,
            0,
            0,
            1,
            0,
            0,
            0,
            0,
            0,
            0,
            1,
            1,
            0,
            0,
            1,
            0,
            1,
            0,
            0,
            1,
            1,
            1,
            0,
            0,
            0,
            1,
            0,
            0,
            0,
            1,
            0,
            0,
            0,
            0,
            0,
            0,
            0,
            0,
            1,
            0,
            1,
            0,
            1,
            0,
            1,
            0,
            0,
            0,
            0,
            0,
            0,
            0,
            0,
            0,
            0,
            0,
            0,
            0,
            1,
            0,
            0,
            0,
            0,
            0,
            0,
            0,
            0,
            0,
            1,
            0,
            0,
            0,
            0,
            0,
            0,
            0,
            1,
            0,
            0,
            1,
            0,
            0,
            1,
            1,
            0,
            0,
            0,
            0,
            0,
            1,
            1,
            0,
            0,
            0,
            1,
            0,
            1,
            0,
            0,
            0,
            1,
            0,
            1,
            0,
            0,
            1,
            0,
            0,
            0,
            0,
            0
        ],
        "y_pred": [
            0.2035097119296267,
            0.2035097119296267,
            0.21757966423487313,
            0.08787031100796772,
            0.3005301575552823,
            0.08787031100796772,
            0.269564300079006,
            0.2035097119296267,
            0.08787031100796772,
            0.08787031100796772,
            0.10194026331321414,
            0.28281078719844394,
            0.4954706337457585,
            0.08787031100796772,
            0.5003619691119692,
            0.517257874282999,
            0.08787031100796772,
            0.3948020371094199,
            0.3005301575552823,
            0.2035097119296267,
            0.08787031100796772,
            0.21757966423487313,
            0.2481967787114846,
            0.5556626928471249,
            0.30459802773568445,
            0.41616955847694126,
            0.2035097119296267,
            0.3005301575552823,
            0.3005301575552823,
            0.3005301575552823,
            0.26280091905091907,
            0.26280091905091907,
            0.5770302142146462,
            0.10194026331321414,
            0.10194026331321414,
            0.06650278964044634,
            0.31123096674567263,
            0.08787031100796772,
            0.632897275204658,
            0.2035097119296267,
            0.06650278964044634,
            0.10194026331321414,
            0.08787031100796772,
            0.24873096674567263,
            0.21757966423487313,
            0.678118530020704,
            0.08787031100796772,
            0.2035097119296267,
            0.26280091905091907,
            0.06650278964044634,
            0.08787031100796772,
            0.4954706337457585,
            0.22736344537815126,
            0.31123096674567263,
            0.10194026331321414,
            0.2035097119296267,
            0.09558775696070777,
            0.06650278964044634,
            0.4741031123782371,
            0.4995385039261606,
            0.08787031100796772,
            0.30459802773568445,
            0.3948020371094199,
            0.24873096674567263,
            0.08057274194569276,
            0.21757966423487313,
            0.44002329192546585,
            0.08787031100796772,
            0.11695527832822915,
            0.269564300079006,
            0.08787031100796772,
            0.2481967787114846,
            0.06650278964044634,
            0.2986492673992674,
            0.06650278964044634,
            0.26280091905091907,
            0.5238908132929871,
            0.5764960261804581,
            0.08787031100796772,
            0.2035097119296267,
            0.24873096674567263,
            0.41616955847694126,
            0.08787031100796772,
            0.2035097119296267,
            0.517257874282999,
            0.08787031100796772,
            0.06650278964044634,
            0.2035097119296267,
            0.2035097119296267,
            0.21757966423487313,
            0.08787031100796772,
            0.3005301575552823,
            0.31123096674567263,
            0.30459802773568445,
            0.08787031100796772,
            0.6989518633540373,
            0.11695527832822915,
            0.21757966423487313,
            0.09558775696070777,
            0.08787031100796772,
            0.46545868347338937,
            0.4613908132929872,
            0.6563312894834634,
            0.10194026331321414,
            0.08787031100796772,
            0.08787031100796772,
            0.2836342523842524,
            0.08787031100796772,
            0.06650278964044634,
            0.08787031100796772,
            0.32530091905091907,
            0.08787031100796772,
            0.3186679800409309,
            0.10194026331321414,
            0.08787031100796772,
            0.2035097119296267,
            0.11695527832822915,
            0.26144326583092253,
            0.08787031100796772,
            0.6160013700336281,
            0.4741031123782371,
            0.3005301575552823,
            0.08787031100796772,
            0.5412051705928272,
            0.08057274194569276,
            0.3948020371094199,
            0.08787031100796772,
            0.08787031100796772,
            0.08787031100796772,
            0.08787031100796772,
            0.08787031100796772,
            0.4935897435897436,
            0.10194026331321414,
            0.10194026331321414,
            0.2035097119296267,
            0.08787031100796772,
            0.08787031100796772,
            0.08787031100796772,
            0.24873096674567263,
            0.6160013700336281,
            0.08787031100796772,
            0.08787031100796772,
            0.08787031100796772,
            0.08787031100796772,
            0.10194026331321414,
            0.08787031100796772,
            0.08787031100796772,
            0.08057274194569276,
            0.08787031100796772,
