{
    "main": {
        "roc_auc_score": 0.8974971064814815,
        "precision_score": 1.0,
        "recall_score": 0.08333333333333333,
        "tp": 4,
        "tn": 144,
        "fp": 0,
        "fn": 44,
        "y_true": [
            1,
            0,
            0,
            0,
            0,
            0,
            0,
            0,
            0,
            0,
            0,
            0,
            0,
            0,
            1,
            1,
            0,
            1,
            0,
            0,
            0,
            0,
            0,
            1,
            1,
            0,
            0,
            0,
            0,
            0,
            0,
            0,
            1,
            0,
            0,
            0,
            0,
            1,
            1,
            0,
            0,
            0,
            0,
            0,
            0,
            1,
            0,
            0,
            0,
            0,
            0,
            0,
            0,
            0,
            0,
            0,
            0,
            0,
            0,
            1,
            0,
            1,
            1,
            0,
            1,
            1,
            1,
            0,
            1,
            0,
            0,
            1,
            0,
            0,
            0,
            1,
            0,
            1,
            0,
            1,
            0,
            0,
            0,
            0,
            1,
            0,
            0,
            0,
            0,
            0,
            0,
            1,
            1,
            0,
            0,
            1,
            0,
            1,
            0,
            0,
            1,
            1,
            1,
            0,
            0,
            0,
            1,
            0,
            0,
            0,
            1,
            0,
            0,
            0,
            0,
            0,
            0,
            0,
            0,
            1,
            0,
            1,
            0,
            1,
            0,
            1,
            0,
            0,
            0,
            0,
            0,
            0,
            0,
            0,
            0,
            0,
            0,
            0,
            0,
            1,
            0,
            0,
            0,
            0,
            0,
            0,
            0,
            0,
            0,
            1,
            0,
            0,
            0,
            0,
            0,
            0,
            0,
            1,
            0,
            0,
            1,
            0,
            0,
            1,
            1,
            0,
            0,
            0,
            0,
            0,
            1,
            1,
            0,
            0,
            0,
            1,
            0,
            1,
            0,
            0,
            0,
            1,
            0,
            1,
            0,
            0,
            1,
            0,
            0,
            0,
            0,
            0
        ],
        "y_pred": [
            0.32860222311394477,
            0.22879161705333873,
            0.22205009468681638,
            0.07509960200495748,
            0.2913473211531605,
            0.2514618593926987,
            0.3669343693493368,
            0.14832719522293006,
            0.07509960200495748,
            0.07995203598209584,
            0.10451136671083984,
            0.07509960200495748,
            0.2701171624230017,
            0.2492055760216002,
            0.38440291246703556,
            0.41593143296614427,
            0.0934937026487625,
            0.2407053977171194,
            0.10031779662743924,
            0.2101363140230357,
            0.0790876378972805,
            0.09768527178688896,
            0.3669343693493368,
            0.32287584165226924,
            0.3500116959940059,
            0.04967587319139816,
            0.04967587319139816,
            0.2913473211531605,
            0.22879161705333873,
            0.2913473211531605,
            0.09768527178688896,
            0.188906155292877,
            0.36470412866489754,
            0.13059395941813692,
            0.1602409758867107,
            0.2800362796671376,
            0.22205009468681638,
            0.2514618593926987,
            0.44960776382751094,
            0.22879161705333873,
            0.13059395941813692,
            0.09768527178688896,
            0.15243861443580123,
            0.07509960200495748,
            0.2913473211531605,
            0.3669343693493368,
            0.10118219471225458,
            0.10451136671083984,
            0.1602409758867107,
            0.2407053977171194,
            0.04967587319139816,
            0.2913473211531605,
            0.13082921118082835,
            0.22205009468681638,
            0.10451136671083984,
            0.3021484245650758,
            0.2514618593926987,
            0.22879161705333873,
            0.32287584165226924,
            0.22985245613772584,
            0.2004406914318435,
            0.5767340275782511,
            0.21909599446214653,
            0.10031779662743924,
            0.30126643839729633,
            0.2726920181228574,
            0.3015934602584278,
            0.07509960200495748,
            0.22205009468681638,
            0.21582030817058842,
            0.36470412866489754,
            0.5326530306935159,
            0.2416519107680628,
            0.13059395941813692,
            0.21909599446214653,
            0.22985245613772584,
            0.2913473211531605,
            0.3669343693493368,
            0.22985245613772584,
            0.34888700369284303,
            0.1330092065247315,
            0.07995203598209584,
            0.0934937026487625,
            0.2004406914318435,
            0.40002647057579804,
            0.14078536931542918,
            0.2514618593926987,
            0.19074086310076402,
            0.22015262780664638,
            0.32860222311394477,
            0.07509960200495748,
            0.2913473211531605,
            0.3229080474516009,
            0.1602409758867107,
            0.13059395941813692,
            0.3601307436130535,
            0.22205009468681638,
            0.46597393403033743,
            0.2514618593926987,
            0.188906155292877,
            0.22985245613772584,
            0.46597393403033743,
            0.4180707329857005,
            0.22879161705333873,
            0.09768527178688896,
            0.04967587319139816,
            0.32860222311394477,
            0.10451136671083984,
            0.30126643839729633,
            0.1602409758867107,
            0.2514618593926987,
            0.2514618593926987,
            0.2701171624230017,
            0.22879161705333873,
            0.2514618593926987,
            0.11891543051704768,
            0.22205009468681638,
            0.2913473211531605,
            0.1425927149526159,
            0.3601307436130535,
            0.3669343693493368,
            0.3669343693493368,
            0.0934937026487625,
            0.48201110725747487,
            0.32287584165226924,
            0.5273855416052887,
            0.07509960200495748,
            0.04967587319139816,
            0.1602409758867107,
            0.0934937026487625,
            0.10451136671083984,
            0.3162924459132958,
            0.1602409758867107,
            0.04967587319139816,
            0.22879161705333873,
            0.2407053977171194,
            0.188906155292877,
            0.07995203598209584,
            0.15461860977970437,
            0.2877620606574998,
            0.2913473211531605,
            0.34309472540992464,
            0.07509960200495748,
            0.32287584165226924,
            0.09768527178688896,
            0.28951434094764666,
            0.2795378151260504,
            0.188906155292877,
            0.2407053977171194,
