{
    "main": {
        "r2_score": 0.5490226412977182,
        "mean_absolute_error": 0.560243673908476,
        "mean_squared_error": 0.5523909540721688,
        "y_true": [
            1.1994153235171736,
            -0.1249999875332109,
            -0.4116059466379936,
            0.3832010755229371,
            0.6378670790694425,
            0.313465929509053,
            0.2723663885451057,
            0.0854078245853602,
            -0.6060182751611816,
            -0.6218638252458678,
            -1.38015389208455,
            -0.4989692499025797,
            0.3272808205283264,
            -1.6734393454816097,
            1.0286058636137088,
            0.963934962075985,
            -0.9229736399494,
            1.0742235204194837,
            -0.7549786708280087,
            0.4116059466379937,
            -0.5903234481984156,
            -0.5289233276954733,
            0.6703765162449028,
            1.5314652426266846,
            1.6224265794152002,
            0.341158460313391,
            0.1249999875332109,
            -0.4694563818645538,
            -0.1117838861871063,
            -1.1728955449286853,
            -0.7376404232597125,
            -0.1781072562871229,
            0.9229736399494,
            -0.0722431866491551,
            -1.7292205291348022,
            -1.1471759709113618,
            -0.4259324507659216,
            1.226806604392284,
            1.7909680059369235,
            -0.0985872816609627,
            0.1117838861871065,
            -0.5138886505190929,
            -0.3973634333469477,
            -0.2452243510341504,
            0.6540353903107552,
            1.490375029318888,
            -0.1515002015831797,
            -1.8604122339692009,
            0.138237959135466,
            -0.032815159075992,
            0.0590910576585776,
            -0.0590910576585776,
            -0.7903568891875153,
            0.4259324507659216,
            -0.258771539434258,
            0.5289233276954735,
            -0.6868986513773913,
            0.3973634333469474,
            0.0459491426541697,
            1.1728955449286862,
            0.2587715394342582,
            1.1471759709113618,
            0.737640423259712,
            -0.7036104645705449,
            1.3150839936335186,
            0.7205211401138668,
            0.88350524341606,
            0.0722431866491523,
            0.7036104645705439,
            0.0196868339680234,
            0.2860117658868992,
            1.7292205291348033,
            0.2317220208242036,
            0.1914570345728704,
            -1.0978927849079323,
            1.940194794251312,
            -0.3691151663603396,
            1.3469061170014551,
            -1.3469061170014545,
            0.6868986513773913,
            -1.2268066043922834,
            0.1647891457936916,
            -0.9639349620759848,
            -1.006581089655861,
            2.151793620077677,
            -0.2317220208242036,
            -0.2860117658868991,
            -0.4841600999638448,
            0.4989692499025798,
            -1.575317198669468,
            -1.2845405648571435,
            0.7725469075812981,
            5.19933758270342,
            -0.2723663885451057,
            -1.5314652426266842,
            0.9030635899712413,
            0.4841600999638448,
            1.284540564857144,
            -0.1914570345728715,
            -0.5440785294437285,
            1.0978927849079316,
            0.8084211727265694,
            1.4516575124163342,
            0.5747727090259288,
            0.2452243510341506,
            -0.3551021193101563,
            1.255150630048424,
            -2.559867619944486,
            0.4694563818645539,
            0.3691151663603393,
            1.6734393454816097,
            0.1781072562871227,
            -0.3272808205283264,
            -0.0854078245853603,
            -0.4548534698873288,
            0.0985872816609624,
            0.5138886505190929,
            -0.3134659295090532,
            0.5440785294437285,
            1.5753171986694667,
            -0.5747727090259288,
            1.3801538920845484,
            -0.9850340826568694,
            2.309021136603625,
            -0.2997106087965229,
            2.559867619944489,
            -1.3150839936335186,
            -0.9030635899712408,
            -2.151793620077676,
            -0.88350524341606,
            -1.9401947942513087,
            -1.4903750293188884,
            -5.199337582605575,
            -0.559359742279849,
            0.4403469185654235,
            -0.0459491426541698,
            -0.6540353903107552,
            -1.4150014775199833,
            -1.1994153235171745,
            0.7549786708280088,
            -0.6703765162449034,
            -1.122193667082344,
            -2.0346627696745814,
            -0.8267531958631599,
            -0.7205211401138668,
            0.0065619012127556,
            0.0328151590759921,
            -0.204841022660475,
            0.2997106087965229,
            0.9432564645873178,
            -1.051141258399853,
            -0.2182618067082702,
            0.1515002015831797,
            0.3551021193101563,
            -0.1382379591354659,
            -1.6224265794151993,
            -2.309021136603625,
            1.122193667082344,
            0.4548534698873294,
            0.6060182751611818,
            1.4150014775199835,
            -1.028605863613708,
            0.5593597422798489,
            1.8604122339692009,
            0.7903568891875153,
            -0.4403469185654233,
            -0.341158460313391,
            0.5903234481984156,
            -0.943256464587322,
            -0.864279161037132,
            1.0511412583998532,
            0.8267531958631601,
            -0.808421172726568,
            -0.383201075522937,
            -0.0065619012127556,
            1.006581089655861,
            -1.074223520419484,
            0.9850340826568694,
            0.2182618067082703,
            0.6218638252458685,
            -0.8453673660086372,
            2.034662769674583,
            0.204841022660475,
            0.8642791610371299,
            -1.255150630048424,
            -0.7725469075812985,
            0.8453673660086368,
            -0.1647891457936915,
            -0.6378670790694424,
            -1.4516575124163342,
            -0.0196868339680233,
            -1.790968005936923
        ],