{
    "main": {
        "roc_auc_score": 0.9348234953703703,
        "precision_score": 1.0,
        "recall_score": 0.4166666666666667,
        "tp": 20,
        "tn": 144,
        "fp": 0,
        "fn": 28,
        "y_true": [
            1,
            0,
            0,
            0,
            0,
            0,
            0,
            0,
            0,
            0,
            0,
            0,
            0,
            0,
            1,
            1,
            0,
            1,
            0,
            0,
            0,
            0,
            0,
            1,
            1,
            0,
            0,
            0,
            0,
            0,
            0,
            0,
            1,
            0,
            0,
            0,
            0,
            1,
            1,
            0,
            0,
            0,
            0,
            0,
            0,
            1,
            0,
            0,
            0,
            0,
            0,
            0,
            0,
            0,
            0,
            0,
            0,
            0,
            0,
            1,
            0,
            1,
            1,
            0,
            1,
            1,
            1,
            0,
            1,
            0,
            0,
            1,
            0,
            0,
            0,
            1,
            0,
            1,
            0,
            1,
            0,
            0,
            0,
            0,
            1,
            0,
            0,
            0,
            0,
            0,
            0,
            1,
            1,
            0,
            0,
            1,
            0,
            1,
            0,
            0,
            1,
            1,
            1,
            0,
            0,
            0,
            1,
            0,
            0,
            0,
            1,
            0,
            0,
            0,
            0,
            0,
            0,
            0,
            0,
            1,
            0,
            1,
            0,
            1,
            0,
            1,
            0,
            0,
            0,
            0,
            0,
            0,
            0,
            0,
            0,
            0,
            0,
            0,
            0,
            1,
            0,
            0,
            0,
            0,
            0,
            0,
            0,
            0,
            0,
            1,
            0,
            0,
            0,
            0,
            0,
            0,
            0,
            1,
            0,
            0,
            1,
            0,
            0,
            1,
            1,
            0,
            0,
            0,
            0,
            0,
            1,
            1,
            0,
            0,
            0,
            1,
            0,
            1,
            0,
            0,
            0,
            1,
            0,
            1,
            0,
            0,
            1,
            0,
            0,
            0,
            0,
            0
        ],
        "y_pred": [
            0.5190488064650388,
            0.1338235294117647,
            0.15713335263782024,
            0.22078103393256038,
            0.1169855845488757,
            0.23171848972295733,
            0.43084950576573816,
            0.36777393019016247,
            0.0,
            0.0,
            0.08095533498759305,
            0.09000372300819062,
            0.40246644355914646,
            0.04411764705882353,
            0.4849035598197922,
            0.5568573413323973,
            0.04411764705882353,
            0.18898562346067932,
            0.05405405405405406,
            0.15405405405405406,
            0.004032258064516129,
            0.0,
            0.3368104118104118,
            0.5248261173894085,
            0.5091967848483113,
            0.0,
            0.0,
            0.0,
            0.1047096053611318,
            0.08095533498759305,
            0.04411764705882353,
            0.28985802460667826,
            0.357772582688815,
            0.004032258064516129,
            0.3141806773100626,
            0.18801570557899672,
            0.29212962962962963,
            0.589094869871314,
            0.6944259619892531,
            0.0,
            0.31385091853628105,
            0.3057113836525602,
            0.0,
            0.23391830744771924,
            0.2208860759493671,
            0.4849035598197922,
            0.0,
            0.33027134045954926,
            0.11870278414396061,
            0.1458860759493671,
            0.0,
            0.3356059784428674,
            0.11301570557899673,
            0.3461836836836837,
            0.23932637571157495,
            0.2813669349596379,
            0.24571003615121262,
            0.2551662984427426,
            0.29159611210057973,
            0.4787897010383547,
            0.0,
            0.5058495057657382,
            0.3742357491519815,
            0.1211836836836837,
            0.39982611738940854,
            0.32254340554787314,
            0.32665732959850613,
            0.0,
            0.0,
            0.4468878542407954,
            0.4348817638302543,
            0.4146730351775028,
            0.3439120786607323,
            0.1839268528548234,
            0.15405405405405406,
            0.3439120786607323,
            0.3937052932420189,
            0.5146730351775028,
            0.2938902826711944,
            0.5044438580365609,
            0.0,
            0.17905405405405406,
            0.05813953488372093,
            0.04411764705882353,
            0.3809805481659107,
            0.2914361939978638,
            0.42940615568706747,
            0.05405405405405406,
            0.2308963730817356,
            0.19781117575235224,
            0.09000372300819062,
            0.485420989013692,
            0.5585418757272382,
            0.18087457709219767,
            0.0,
            0.5998261173894086,
            0.0,
            0.5833568862980627,
            0.38471519849611024,
            0.2395888600933277,
            0.4643055740542278,
            0.4037897010383547,
            0.44404880646503875,
            0.05813953488372093,
            0.0,
            0.0,
            0.4528723358768035,
            0.24780915287244398,
            0.22676065304156476,
            0.12923904348322954,
            0.32307831738579457,
            0.2251047331092007,
            0.33733171105095294,
            0.1047096053611318,
            0.12923904348322954,
            0.31385091853628105,
            0.004032258064516129,
            0.0,
            0.1047096053611318,
            0.37787233587680347,
            0.2146730351775028,
            0.6621935889377749,
            0.0,
            0.535826881331349,
            0.2146730351775028,
            0.5360926286559199,
            0.0,
            0.0,
            0.06696378855933777,
            0.0,
            0.08095533498759305,
            0.460826881331349,
            0.23171848972295733,
            0.1300611601244513,
            0.2316326822842087,
            0.17088607594936708,
            0.1645888600933277,
            0.04588607594936709,
            0.0,
            0.3439120786607323,
            0.0,
            0.24754340554787316,
            0.0,
            0.44404880646503875,
            0.0981717011128776,
            0.40194901436524666,
            0.3146730351775028,
            0.28985802460667826,
            0.4091967848483113,
            0.5074037272566685,
            0.04588607594936709,
            0.12910800108305692,
            0.43084950576573816,
            0.0,
            0.1047096053611318,
            0.10165732959850607,
            0.06293153049482164,
            0.47793145935942993,
            0.14713180557582833,
            0.4082900118827148,
            0.537171792948237,
            0.4044279516766054,
