{
    "main": {
        "roc_auc_score": 0.9372106481481483,
        "precision_score": 0.9428571428571428,
        "recall_score": 0.6875,
        "tp": 33,
        "tn": 142,
        "fp": 2,
        "fn": 15,
        "y_true": [
            1,
            0,
            0,
            0,
            0,
            0,
            0,
            0,
            0,
            0,
            0,
            0,
            0,
            0,
            1,
            1,
            0,
            1,
            0,
            0,
            0,
            0,
            0,
            1,
            1,
            0,
            0,
            0,
            0,
            0,
            0,
            0,
            1,
            0,
            0,
            0,
            0,
            1,
            1,
            0,
            0,
            0,
            0,
            0,
            0,
            1,
            0,
            0,
            0,
            0,
            0,
            0,
            0,
            0,
            0,
            0,
            0,
            0,
            0,
            1,
            0,
            1,
            1,
            0,
            1,
            1,
            1,
            0,
            1,
            0,
            0,
            1,
            0,
            0,
            0,
            1,
            0,
            1,
            0,
            1,
            0,
            0,
            0,
            0,
            1,
            0,
            0,
            0,
            0,
            0,
            0,
            1,
            1,
            0,
            0,
            1,
            0,
            1,
            0,
            0,
            1,
            1,
            1,
            0,
            0,
            0,
            1,
            0,
            0,
            0,
            1,
            0,
            0,
            0,
            0,
            0,
            0,
            0,
            0,
            1,
            0,
            1,
            0,
            1,
            0,
            1,
            0,
            0,
            0,
            0,
            0,
            0,
            0,
            0,
            0,
            0,
            0,
            0,
            0,
            1,
            0,
            0,
            0,
            0,
            0,
            0,
            0,
            0,
            0,
            1,
            0,
            0,
            0,
            0,
            0,
            0,
            0,
            1,
            0,
            0,
            1,
            0,
            0,
            1,
            1,
            0,
            0,
            0,
            0,
            0,
            1,
            1,
            0,
            0,
            0,
            1,
            0,
            1,
            0,
            0,
            0,
            1,
            0,
            1,
            0,
            0,
            1,
            0,
            0,
            0,
            0,
            0
        ],
        "y_pred": [
            0.8353025420694594,
            0.008163265306122448,
            0.002070393374741201,
            0.008163265306122448,
            0.2823425022182786,
            0.009589190367222403,
            0.4317006802721089,
            0.028571428571428574,
            0.008163265306122448,
            0.08166223010943507,
            0.0,
            0.002070393374741201,
            0.15646258503401358,
            0.002070393374741201,
            0.5272108843537415,
            0.6434755720470006,
            0.0,
            0.25448361162646876,
            0.008163265306122448,
            0.0,
            0.0,
            0.002070393374741201,
            0.30828695114409405,
            0.8353025420694594,
            0.6987788311358105,
            0.002070393374741201,
            0.002070393374741201,
            0.028571428571428574,
            0.017752455673344852,
            0.4279529993815708,
            0.11609022556390977,
            0.002070393374741201,
            0.37767470624613486,
            0.008163265306122448,
            0.061254066844128964,
            0.15244633322436527,
            0.16462585034013605,
            0.4336742288621988,
            0.8330612244897958,
            0.017752455673344852,
            0.25367965367965367,
            0.20893495738216236,
            0.002070393374741201,
            0.14285714285714285,
            0.02050580997949419,
            0.6357823129251701,
            0.01023365868086365,
            0.5301491824800095,
            0.009589190367222403,
            0.245021645021645,
            0.002070393374741201,
            0.09659863945578231,
            0.11609022556390977,
            0.09186631174208813,
            0.1510204081632653,
            0.008163265306122448,
            0.01568206229860365,
            0.17679914070891514,
            0.24357321876118868,
            0.37523809523809526,
            0.0857796665576986,
            0.7174149659863945,
            0.4260515584085378,
            0.1510204081632653,
            0.36734693877551017,
            0.0,
            0.5495114409400123,
            0.017752455673344852,
            0.08370304643596568,
            0.4943310657596372,
            0.061254066844128964,
            0.5495114409400123,
            0.29316501304078946,
            0.08166223010943507,
            0.08166223010943507,
            0.2755102040816327,
            0.10887311446317659,
            0.32502164502164504,
            0.14285714285714285,
            0.6244181883279627,
            0.002070393374741201,
            0.08865047995482778,
            0.0,
            0.002070393374741201,
            0.2857142857142857,
            0.30828695114409405,
            0.34962759807480304,
            0.29323308270676696,
            0.2520730397422127,
            0.15309080153800653,
            0.002070393374741201,
            0.15646258503401358,
            0.6568707482993198,
            0.21357317630609554,
            0.008163265306122448,
            0.8148943788041533,
            0.009589190367222403,
            0.5441558441558442,
            0.2595918367346939,
            0.009589190367222403,
            0.4944959802102659,
            0.6110657596371881,
            0.6218785057882802,
            0.028571428571428574,
            0.002070393374741201,
            0.002070393374741201,
            0.7891156462585034,
            0.37905716672633966,
            0.07619047619047618,
            0.14564361213592988,
            0.40770020288817277,
            0.009589190367222403,
            0.3936672850958565,
            0.01023365868086365,
            0.14564361213592988,
            0.14285714285714285,
            0.008163265306122448,
            0.06330110991765127,
            0.008163265306122448,
            0.8761188686000716,
            0.2480567879325643,
            0.5848430600310299,
            0.009589190367222403,
            0.7535930735930735,
            0.1551378446115288,
            0.9555102040816327,
            0.002070393374741201,
            0.05309080153800651,
            0.009589190367222403,
            0.002070393374741201,
            0.0,
            0.6078499278499278,
            0.009589190367222403,
            0.24390977443609024,
            0.19584675975653418,
            0.16329488317065957,
            0.009589190367222403,
            0.08166223010943507,
            0.002070393374741201,
            0.6459699031127603,
            0.18565244279529994,
            0.24356699201419696,
            0.12905452035886816,
            0.19387755102040818,
            0.002070393374741201,
            0.48582408401957267,
            0.32761904761904764,
            0.002070393374741201,
            0.4670631783675262,
            0.780045351473923,
